{
  "wb_CHN_SE.TER.GRAD.FE.SI.ZS": {
    "v": null,
    "ts": 1780299188.2347178
  },
  "wb_CHN_SP.POP.SCIE.RD.P6": {
    "v": 2107.27003,
    "ts": 1780299192.421053
  },
  "wb_CHN_IT.NET.USER.ZS": {
    "v": 91.6,
    "ts": 1780299197.145035
  },
  "wb_CHN_TX.VAL.TECH.MF.ZS": {
    "v": 26.2777380479223,
    "ts": 1780299210.251966
  },
  "wb_CHN_BX.GSR.CCIS.ZS": {
    "v": 16.9375279540385,
    "ts": 1780299217.1113229
  },
  "wb_DEU_SE.TER.GRAD.FE.SI.ZS": {
    "v": 28.7209796905518,
    "ts": 1783677183.0334048
  },
  "wb_DEU_SP.POP.SCIE.RD.P6": {
    "v": 5926.07432,
    "ts": 1783677183.35016
  },
  "wb_DEU_IT.NET.USER.ZS": {
    "v": 93.49999579,
    "ts": 1783677183.7619572
  },
  "wb_DEU_TX.VAL.TECH.MF.ZS": {
    "v": 17.9772990379432,
    "ts": 1783677184.3408551
  },
  "wb_DEU_BX.GSR.CCIS.ZS": {
    "v": 11.4732816343515,
    "ts": 1783677184.617059
  },
  "wb_FIN_SE.TER.GRAD.FE.SI.ZS": {
    "v": 33.2210807800293,
    "ts": 1783677187.233325
  },
  "wb_FIN_SP.POP.SCIE.RD.P6": {
    "v": 8314.89822,
    "ts": 1783677187.495463
  },
  "wb_FIN_IT.NET.USER.ZS": {
    "v": 93.72405196,
    "ts": 1783677187.779524
  },
  "wb_FIN_GB.XPD.RSDV.GD.ZS": {
    "v": 3.0938,
    "ts": 1783677188.024873
  },
  "wb_FIN_TX.VAL.TECH.MF.ZS": {
    "v": 9.28522659633957,
    "ts": 1783677188.644074
  },
  "wb_JPN_SE.TER.GRAD.FE.SI.ZS": {
    "v": null,
    "ts": 1780299248.100566
  },
  "wb_JPN_SP.POP.SCIE.RD.P6": {
    "v": 5608.63075,
    "ts": 1780299249.470738
  },
  "wb_JPN_IT.NET.USER.ZS": {
    "v": 85.54153081,
    "ts": 1780299250.800417
  },
  "wb_JPN_GB.XPD.RSDV.GD.ZS": {
    "v": 3.44125,
    "ts": 1780299251.727746
  },
  "wb_JPN_TX.VAL.TECH.MF.ZS": {
    "v": 17.5547415163067,
    "ts": 1780299253.310393
  },
  "wb_JPN_BX.GSR.CCIS.ZS": {
    "v": 4.83083371130081,
    "ts": 1780299255.201401
  },
  "wb_GBR_SE.TER.GRAD.FE.SI.ZS": {
    "v": 34.5776214599609,
    "ts": 1780299257.765291
  },
  "wb_GBR_SP.POP.SCIE.RD.P6": {
    "v": 4472.69458,
    "ts": 1780299258.9920168
  },
  "wb_GBR_IT.NET.USER.ZS": {
    "v": 95.4720993,
    "ts": 1780299260.335374
  },
  "wb_GBR_GB.XPD.RSDV.GD.ZS": {
    "v": 2.67614,
    "ts": 1780299262.1657212
  },
  "wb_GBR_TX.VAL.TECH.MF.ZS": {
    "v": 29.233260009076,
    "ts": 1780299263.8057868
  },
  "wb_GBR_BX.GSR.CCIS.ZS": {
    "v": 9.24844808246729,
    "ts": 1780299265.0770712
  },
  "wb_IND_SE.TER.GRAD.FE.SI.ZS": {
    "v": 44.1318283081055,
    "ts": 1780299267.436468
  },
  "wb_IND_SP.POP.SCIE.RD.P6": {
    "v": 259.26325,
    "ts": 1780299269.487775
  },
  "wb_IND_IT.NET.USER.ZS": {
    "v": 70.0,
    "ts": 1780299270.652875
  },
  "wb_IND_GB.XPD.RSDV.GD.ZS": {
    "v": 0.64558,
    "ts": 1780299271.904585
  },
  "wb_IND_TX.VAL.TECH.MF.ZS": {
    "v": 18.5723946411049,
    "ts": 1780299273.5800261
  },
  "wb_IND_BX.GSR.CCIS.ZS": {
    "v": 47.4135569645014,
    "ts": 1780299274.6597571
  },
  "wb_SGP_SE.TER.GRAD.FE.SI.ZS": {
    "v": 31.8279209136963,
    "ts": 1780299276.0947342
  },
  "wb_SGP_SP.POP.SCIE.RD.P6": {
    "v": 8781.74332,
    "ts": 1780299277.732766
  },
  "wb_SGP_IT.NET.USER.ZS": {
    "v": 94.37757178,
    "ts": 1780299278.8740742
  },
  "wb_SGP_GB.XPD.RSDV.GD.ZS": {
    "v": 1.80821,
    "ts": 1780299280.102201
  },
  "wb_SGP_TX.VAL.TECH.MF.ZS": {
    "v": 59.429782938503,
    "ts": 1780299281.82732
  },
  "wb_SGP_BX.GSR.CCIS.ZS": {
    "v": 7.7793924005477,
    "ts": 1780299282.846402
  },
  "wb_AUS_SE.TER.GRAD.FE.SI.ZS": {
    "v": 32.8005599975586,
    "ts": 1780299284.714821
  },
  "wb_AUS_SP.POP.SCIE.RD.P6": {
    "v": 4568.56658,
    "ts": 1780299286.2304251
  },
  "wb_AUS_IT.NET.USER.ZS": {
    "v": 96.13140106,
    "ts": 1780299287.1517272
  },
  "wb_AUS_GB.XPD.RSDV.GD.ZS": {
    "v": 1.85783,
    "ts": 1780299288.583628
  },
  "wb_AUS_TX.VAL.TECH.MF.ZS": {
    "v": 25.1586416457084,
    "ts": 1780299289.712132
  },
  "wb_AUS_BX.GSR.CCIS.ZS": {
    "v": 2.98037157487473,
    "ts": 1780299290.837831
  },
  "wb_BRA_SE.TER.GRAD.FE.SI.ZS": {
    "v": 30.5202903747559,
    "ts": 1780299292.375315
  },
  "wb_BRA_SP.POP.SCIE.RD.P6": {
    "v": 903.20079,
    "ts": 1780299293.399758
  },
  "wb_BRA_IT.NET.USER.ZS": {
    "v": 84.46347227,
    "ts": 1780299294.527436
  },
  "wb_BRA_GB.XPD.RSDV.GD.ZS": {
    "v": 1.1938,
    "ts": 1780299295.550705
  },
  "wb_BRA_TX.VAL.TECH.MF.ZS": {
    "v": 11.1103644206652,
    "ts": 1780299296.57325
  },
  "wb_BRA_BX.GSR.CCIS.ZS": {
    "v": 12.8530444076812,
    "ts": 1780299298.1101499
  },
  "wb_KWT_SE.TER.GRAD.FE.SI.ZS": {
    "v": null,
    "ts": 1780299299.687629
  },
  "wb_KWT_SP.POP.SCIE.RD.P6": {
    "v": 144.75416,
    "ts": 1780299300.772026
  },
  "wb_KWT_IT.NET.USER.ZS": {
    "v": 100.0,
    "ts": 1780299302.104533
  },
  "wb_KWT_GB.XPD.RSDV.GD.ZS": {
    "v": 0.08954,
    "ts": 1780299303.538315
  },
  "wb_KWT_TX.VAL.TECH.MF.ZS": {
    "v": 5.82777648932315,
    "ts": 1780299304.766017
  },
  "wb_KWT_BX.GSR.CCIS.ZS": {
    "v": 44.7811307481638,
    "ts": 1780299306.303036
  },
  "wb_CHE_SE.TER.GRAD.FE.SI.ZS": {
    "v": 26.2681293487549,
    "ts": 1780299642.889337
  },
  "wb_CHE_SP.POP.SCIE.RD.P6": {
    "v": 6107.95842,
    "ts": 1780299644.784045
  },
  "wb_CHE_IT.NET.USER.ZS": {
    "v": 97.32103855,
    "ts": 1780299647.801684
  },
  "wb_CHE_GB.XPD.RSDV.GD.ZS": {
    "v": 3.22178,
    "ts": 1780299650.3536189
  },
  "wb_CHE_TX.VAL.TECH.MF.ZS": {
    "v": 29.6239015157944,
    "ts": 1780299651.792804
  },
  "wb_CHE_BX.GSR.CCIS.ZS": {
    "v": 12.7476065696781,
    "ts": 1780299653.22661
  },
  "wb_NOR_SE.TER.GRAD.FE.SI.ZS": {
    "v": 30.3778400421143,
    "ts": 1780299655.172269
  },
  "wb_NOR_SP.POP.SCIE.RD.P6": {
    "v": 7450.59492,
    "ts": 1780299656.606855
  },
  "wb_NOR_IT.NET.USER.ZS": {
    "v": 99.0,
    "ts": 1780299657.9370902
  },
  "wb_NOR_GB.XPD.RSDV.GD.ZS": {
    "v": 1.85142,
    "ts": 1780299658.7564979
  },
  "wb_NOR_TX.VAL.TECH.MF.ZS": {
    "v": 25.4139359384172,
    "ts": 1780299659.982717
  },
  "wb_NOR_BX.GSR.CCIS.ZS": {
    "v": 8.13394937577002,
    "ts": 1780299662.033553
  },
  "wb_SWE_SE.TER.GRAD.FE.SI.ZS": {
    "v": 37.8181686401367,
    "ts": 1780299663.978008
  },
  "wb_SWE_SP.POP.SCIE.RD.P6": {
    "v": 8910.73864,
    "ts": 1780299666.9479182
  },
  "wb_SWE_IT.NET.USER.ZS": {
    "v": 95.76629783,
    "ts": 1780299668.939373
  },
  "wb_SWE_TX.VAL.TECH.MF.ZS": {
    "v": 17.6524551082203,
    "ts": 1780299684.69874
  },
  "wb_SWE_BX.GSR.CCIS.ZS": {
    "v": 20.7518340646751,
    "ts": 1780299691.313333
  },
  "wb_BEL_SE.TER.GRAD.FE.SI.ZS": {
    "v": 28.6546096801758,
    "ts": 1780299696.0286431
  },
  "wb_BEL_SP.POP.SCIE.RD.P6": {
    "v": 5990.12849,
    "ts": 1780299701.353632
  },
  "wb_BEL_IT.NET.USER.ZS": {
    "v": 95.77579144,
    "ts": 1780299705.0407538
  },
  "wb_BEL_GB.XPD.RSDV.GD.ZS": {
    "v": 3.27235,
    "ts": 1780299706.3725162
  },
  "wb_BEL_TX.VAL.TECH.MF.ZS": {
    "v": 20.3921453422236,
    "ts": 1780299709.135905
  },
  "wb_BEL_BX.GSR.CCIS.ZS": {
    "v": 14.6697052675351,
    "ts": 1780299710.876679
  },
  "wb_ITA_SE.TER.GRAD.FE.SI.ZS": {
    "v": 39.345329284668,
    "ts": 1783677189.8710232
  },
  "wb_ITA_SP.POP.SCIE.RD.P6": {
    "v": 2855.12509,
    "ts": 1783677190.188562
  },
  "wb_ITA_IT.NET.USER.ZS": {
    "v": 89.2207202,
    "ts": 1783677190.466976
  },
  "wb_ITA_GB.XPD.RSDV.GD.ZS": {
    "v": 1.37935,
    "ts": 1783677190.788616
  },
  "wb_ITA_TX.VAL.TECH.MF.ZS": {
    "v": 12.2827088504022,
    "ts": 1783677191.173655
  },
  "wb_ITA_BX.GSR.CCIS.ZS": {
    "v": 6.26271735159845,
    "ts": 1783677191.438775
  },
  "wb_KOR_SE.TER.GRAD.FE.SI.ZS": {
    "v": 27.6576194763184,
    "ts": 1780299721.732121
  },
  "wb_KOR_SP.POP.SCIE.RD.P6": {
    "v": 9471.82543,
    "ts": 1780299723.269003
  },
  "wb_KOR_IT.NET.USER.ZS": {
    "v": 97.89563777,
    "ts": 1780299724.5980248
  },
  "wb_KOR_GB.XPD.RSDV.GD.ZS": {
    "v": 4.94352,
    "ts": 1780299725.93138
  },
  "wb_KOR_TX.VAL.TECH.MF.ZS": {
    "v": 36.2582559366674,
    "ts": 1780299727.368938
  },